2014.01.01,20:00,1.65616,1.65921,1.65529,1.65756,3039
2014.01.02,00:00,1.65753,1.65886,1.65719,1.65866,13600
2014.01.02,04:00,1.65866,1.66031,1.65662,1.65755,18494
2014.01.02,08:00,1.65755,1.65834,1.6526,1.6526,39309
2014.01.02,12:00,1.65262,1.65262,1.64111,1.64357,66183
2014.01.02,16:00,1.64357,1.64499,1.6421,1.64224,30200
2014.01.02,20:00,1.64223,1.64524,1.64221,1.64484,11187
2014.01.03,00:00,1.64485,1.64584,1.64216,1.64342,16712
2014.01.03,04:00,1.64339,1.64565,1.64285,1.64511,21958
2014.01.03,08:00,1.64511,1.64737,1.64311,1.64625,38507
2014.01.03,12:00,1.64625,1.64631,1.6395,1.64432,51215
2014.01.03,16:00,1.64433,1.64444,1.64124,1.64216,29049
2014.01.03,20:00,1.64216,1.64232,1.6402,1.64171,8998
2014.01.05,20:00,1.64026,1.64159,1.63969,1.64106,4166
2014.01.06,00:00,1.64108,1.64144,1.63519,1.63646,17067
2014.01.06,04:00,1.63644,1.63796,1.63478,1.63508,19489
2014.01.06,08:00,1.63508,1.63886,1.6337,1.63771,46052
2014.01.06,12:00,1.63773,1.64337,1.63726,1.64105,38979
2014.01.06,16:00,1.64105,1.64207,1.63932,1.64044,26266
2014.01.06,20:00,1.64042,1.64191,1.63979,1.64128,10803
2014.01.07,00:00,1.64128,1.64161,1.63925,1.63979,11492
2014.01.07,04:00,1.63976,1.64035,1.6384,1.63877,11059
2014.01.07,08:00,1.63877,1.6438,1.63765,1.64086,40079
2014.01.07,12:00,1.6409,1.64247,1.6374,1.6398,43833
2014.01.07,16:00,1.6398,1.64313,1.63955,1.64072,22226
2014.01.07,20:00,1.64074,1.64088,1.6395,1.63992,8411
2014.01.08,00:00,1.63992,1.63992,1.63763,1.63975,13394
2014.01.08,04:00,1.63975,1.64203,1.6395,1.64165,15200
2014.01.08,08:00,1.64166,1.64303,1.64086,1.64229,28043
2014.01.08,12:00,1.6423,1.64719,1.63995,1.64705,46264
2014.01.08,16:00,1.64703,1.64703,1.64358,1.64489,34453
2014.01.08,20:00,1.64484,1.64591,1.64413,1.64444,11192
2014.01.09,00:00,1.64444,1.64604,1.6441,1.64538,10956
2014.01.09,04:00,1.64539,1.64761,1.64445,1.64752,12850
2014.01.09,08:00,1.64751,1.6479,1.64455,1.64514,28445
2014.01.09,12:00,1.64513,1.64972,1.6451,1.64631,59861
2014.01.09,16:00,1.64632,1.6473,1.64529,1.64712,19494
2014.01.09,20:00,1.64714,1.64868,1.64669,1.64765,10225
2014.01.10,00:00,1.64769,1.6481,1.64718,1.64788,8722
2014.01.10,04:00,1.64786,1.64814,1.6467,1.64711,9826
2014.01.10,08:00,1.6471,1.64723,1.64022,1.6422,31117
2014.01.10,12:00,1.64218,1.6517,1.63805,1.64841,70964
2014.01.10,16:00,1.64842,1.64897,1.64566,1.6473,24893
2014.01.10,20:00,1.64731,1.6485,1.64689,1.64785,7177
2014.01.12,20:00,1.64829,1.6494,1.64754,1.64938,3610
2014.01.13,00:00,1.6494,1.6506,1.64808,1.65052,11522
2014.01.13,04:00,1.6505,1.65076,1.64781,1.64802,11233
2014.01.13,08:00,1.64802,1.64877,1.64214,1.64479,32522
2014.01.13,12:00,1.64471,1.64478,1.63469,1.63824,45034
2014.01.13,16:00,1.63825,1.63898,1.63587,1.63896,26276
2014.01.13,20:00,1.63899,1.6396,1.63803,1.63886,11777
2014.01.14,00:00,1.63885,1.63986,1.63829,1.63839,9772
2014.01.14,04:00,1.63839,1.63984,1.63673,1.63935,13771
2014.01.14,08:00,1.63935,1.64472,1.63915,1.64262,40904
2014.01.14,12:00,1.64262,1.64642,1.64075,1.64608,39105
2014.01.14,16:00,1.646,1.64617,1.64343,1.64345,28389
2014.01.14,20:00,1.64345,1.64476,1.64301,1.64325,9586
2014.01.15,00:00,1.64324,1.64375,1.64118,1.64205,17027
2014.01.15,04:00,1.64203,1.64256,1.63957,1.64115,14356
2014.01.15,08:00,1.64115,1.64371,1.6377,1.64224,31643
2014.01.15,12:00,1.64224,1.6427,1.63215,1.63504,54031
2014.01.15,16:00,1.63503,1.63788,1.63468,1.63682,23100
2014.01.15,20:00,1.63679,1.63778,1.6358,1.63606,10076
2014.01.16,00:00,1.63613,1.63739,1.63468,1.63711,14302
2014.01.16,04:00,1.6371,1.63725,1.63385,1.63459,14531
2014.01.16,08:00,1.63458,1.63568,1.63141,1.63345,32337
2014.01.16,12:00,1.63347,1.63831,1.63277,1.63443,43615
2014.01.16,16:00,1.63442,1.63638,1.63214,1.63568,24014
2014.01.16,20:00,1.63566,1.63627,1.63438,1.63463,9502
2014.01.17,00:00,1.63455,1.63503,1.6324,1.63425,9063
2014.01.17,04:00,1.63424,1.63429,1.63172,1.63248,11174
2014.01.17,08:00,1.63248,1.6458,1.6309,1.64412,44036
2014.01.17,12:00,1.64412,1.64577,1.64276,1.64439,36496
2014.01.17,16:00,1.64439,1.64522,1.64029,1.64202,26195
2014.01.17,20:00,1.64202,1.64226,1.64058,1.64206,6404
2014.01.19,20:00,1.64167,1.64211,1.64109,1.64173,4557
2014.01.20,00:00,1.64172,1.6422,1.63949,1.64124,14683
2014.01.20,04:00,1.64124,1.643,1.64086,1.64229,11117
2014.01.20,08:00,1.64229,1.64519,1.64228,1.64354,22652
2014.01.20,12:00,1.64354,1.64504,1.64174,1.64212,21951
2014.01.20,16:00,1.64213,1.64361,1.64154,1.64337,8225
2014.01.20,20:00,1.64331,1.64379,1.64158,1.64257,7593
2014.01.21,00:00,1.64258,1.64328,1.64107,1.64275,11191
2014.01.21,04:00,1.64275,1.64463,1.6423,1.64318,12361
2014.01.21,08:00,1.64318,1.64526,1.64068,1.6416,35331
2014.01.21,12:00,1.64165,1.64854,1.63993,1.6464,40051
2014.01.21,16:00,1.64642,1.64841,1.646,1.64768,22318
2014.01.21,20:00,1.6477,1.64799,1.64703,1.64736,8323
2014.01.22,00:00,1.64736,1.64904,1.64698,1.64828,14878
2014.01.22,04:00,1.64828,1.64836,1.64608,1.64657,12683
2014.01.22,08:00,1.64657,1.65657,1.64505,1.65484,45044
2014.01.22,12:00,1.65483,1.65872,1.65393,1.65817,39675
2014.01.22,16:00,1.65827,1.65862,1.65637,1.65769,22234
2014.01.22,20:00,1.65784,1.65807,1.65575,1.65616,9342
2014.01.23,00:00,1.65615,1.65768,1.65566,1.65643,14874
2014.01.23,04:00,1.65644,1.6584,1.65579,1.65811,16081
2014.01.23,08:00,1.65809,1.6616,1.65805,1.65961,48334
2014.01.23,12:00,1.6596,1.66358,1.65915,1.663,50204
2014.01.23,16:00,1.66302,1.66334,1.66019,1.66283,36066
2014.01.23,20:00,1.66283,1.66428,1.66221,1.66316,11641
2014.01.24,00:00,1.66316,1.66368,1.66216,1.66355,11016
2014.01.24,04:00,1.66355,1.66599,1.66202,1.66485,20384
2014.01.24,08:00,1.66488,1.66679,1.65838,1.66119,48755
2014.01.24,12:00,1.6612,1.66163,1.64791,1.65012,58980
2014.01.24,16:00,1.65012,1.65102,1.64794,1.65067,29654
2014.01.24,20:00,1.65067,1.65077,1.64772,1.64772,6633
2014.01.26,20:00,1.65033,1.6506,1.64736,1.64919,5865
2014.01.27,00:00,1.64921,1.65038,1.64788,1.65009,10997
2014.01.27,04:00,1.65009,1.65345,1.64885,1.65267,15439
2014.01.27,08:00,1.65266,1.65703,1.65074,1.65618,43247
2014.01.27,12:00,1.65622,1.65865,1.65444,1.65723,43037
2014.01.27,16:00,1.65721,1.6587,1.65684,1.65732,26242
2014.01.27,20:00,1.65736,1.65883,1.65707,1.65731,7636
2014.01.28,00:00,1.65734,1.66171,1.65702,1.66132,13512
2014.01.28,04:00,1.66131,1.66253,1.66011,1.66045,16689
2014.01.28,08:00,1.66045,1.66124,1.65357,1.65641,38157
2014.01.28,12:00,1.65641,1.66147,1.65586,1.65844,40465
2014.01.28,16:00,1.65847,1.65906,1.65633,1.6578,17585
2014.01.28,20:00,1.6578,1.65859,1.65603,1.65671,10248
2014.01.29,00:00,1.65671,1.65871,1.65647,1.65741,8953
2014.01.29,04:00,1.65743,1.65944,1.65674,1.65742,12244
2014.01.29,08:00,1.65742,1.66065,1.65455,1.65573,34096
2014.01.29,12:00,1.65575,1.65704,1.65253,1.65502,54749
2014.01.29,16:00,1.65503,1.659,1.65503,1.6574,35874
2014.01.29,20:00,1.65741,1.65741,1.65484,1.65573,11956
2014.01.30,00:00,1.65573,1.65619,1.65494,1.65557,9677
2014.01.30,04:00,1.65555,1.6564,1.65193,1.65238,15159
2014.01.30,08:00,1.65236,1.65276,1.64448,1.64874,53222
2014.01.30,12:00,1.64877,1.65192,1.6469,1.64979,47111
2014.01.30,16:00,1.64981,1.65027,1.64759,1.6477,26331
2014.01.30,20:00,1.64771,1.64973,1.64715,1.64962,10589
2014.01.31,00:00,1.6496,1.64976,1.64739,1.64743,9904
2014.01.31,04:00,1.64745,1.64856,1.64617,1.64627,17010
2014.01.31,08:00,1.64626,1.64782,1.644,1.64594,49143
2014.01.31,12:00,1.64594,1.64851,1.64272,1.64356,55421
2014.01.31,16:00,1.64365,1.64661,1.64304,1.64326,31524
2014.01.31,20:00,1.64323,1.64443,1.64304,1.64352,9001
2014.02.02,20:00,1.64186,1.64405,1.64179,1.64368,4360
2014.02.03,00:00,1.64367,1.64374,1.64201,1.64294,9120
2014.02.03,04:00,1.64294,1.64356,1.63918,1.63943,14863
2014.02.03,08:00,1.63942,1.6412,1.6323,1.63327,54189
2014.02.03,12:00,1.63327,1.63665,1.63259,1.63311,44862
2014.02.03,16:00,1.63312,1.63367,1.62902,1.63061,36710
2014.02.03,20:00,1.63061,1.6316,1.63007,1.63081,10652
2014.02.04,00:00,1.6308,1.63154,1.6297,1.6298,13702
2014.02.04,04:00,1.6298,1.6298,1.62566,1.62856,29776
2014.02.04,08:00,1.62856,1.63444,1.62778,1.63184,44788
2014.02.04,12:00,1.63184,1.63329,1.62901,1.62952,35909
2014.02.04,16:00,1.62953,1.6327,1.62905,1.63204,21719
2014.02.04,20:00,1.63204,1.63327,1.63199,1.63291,9411
2014.02.05,00:00,1.6329,1.63398,1.63211,1.6329,12456
2014.02.05,04:00,1.63294,1.63408,1.63072,1.63168,13674
2014.02.05,08:00,1.63168,1.63375,1.62648,1.62737,41490
2014.02.05,12:00,1.62739,1.63215,1.62522,1.63051,53377
2014.02.05,16:00,1.63055,1.63327,1.62986,1.63123,26243
2014.02.05,20:00,1.63124,1.63239,1.62998,1.63231,9037
2014.02.06,00:00,1.63234,1.63286,1.63044,1.63044,14149
2014.02.06,04:00,1.63044,1.63163,1.62939,1.63131,14073
2014.02.06,08:00,1.6313,1.6315,1.62724,1.6302,26654
2014.02.06,12:00,1.6304,1.6338,1.62747,1.63238,61403
2014.02.06,16:00,1.63238,1.63485,1.63205,1.63212,19431
2014.02.06,20:00,1.63212,1.63279,1.63072,1.63201,8048
2014.02.07,00:00,1.632,1.63267,1.63167,1.63223,7727
2014.02.07,04:00,1.63222,1.63585,1.63222,1.63519,12452
2014.02.07,08:00,1.63519,1.63567,1.62997,1.63337,38318
2014.02.07,12:00,1.63337,1.64005,1.63246,1.63936,58284
2014.02.07,16:00,1.63936,1.64127,1.63885,1.641,21138
2014.02.07,20:00,1.641,1.6418,1.64046,1.64077,7402
2014.02.09,20:00,1.63965,1.64146,1.63965,1.64079,4254
2014.02.10,00:00,1.64077,1.6416,1.64062,1.64109,8880
2014.02.10,04:00,1.64108,1.64272,1.63892,1.64024,14951
2014.02.10,08:00,1.64024,1.64143,1.63827,1.639,27550
2014.02.10,12:00,1.639,1.64139,1.63852,1.63984,28301
2014.02.10,16:00,1.63982,1.64233,1.63964,1.64042,17696
2014.02.10,20:00,1.64042,1.64091,1.63994,1.64045,7542
2014.02.11,00:00,1.64045,1.64337,1.6402,1.64198,9830
2014.02.11,04:00,1.64197,1.64269,1.63922,1.64029,12499
2014.02.11,08:00,1.64028,1.64401,1.64001,1.64323,29216
2014.02.11,12:00,1.64323,1.64839,1.64296,1.64834,52021
2014.02.11,16:00,1.64835,1.64872,1.64443,1.64484,26985
2014.02.11,20:00,1.64486,1.64559,1.64442,1.64469,6482
2014.02.12,00:00,1.64465,1.64514,1.64411,1.64476,9354
2014.02.12,04:00,1.64473,1.6475,1.64255,1.64408,16329
2014.02.12,08:00,1.64408,1.6558,1.64372,1.65249,61777
2014.02.12,12:00,1.65246,1.65884,1.65102,1.65842,52446
2014.02.12,16:00,1.6584,1.65996,1.65728,1.65963,26802
2014.02.12,20:00,1.65961,1.66182,1.65897,1.66086,13542
2014.02.13,00:00,1.66086,1.66229,1.66055,1.66203,18894
2014.02.13,04:00,1.66199,1.66218,1.65999,1.66061,22603
2014.02.13,08:00,1.66064,1.66538,1.66052,1.66284,46989
2014.02.13,12:00,1.66283,1.66732,1.66219,1.66356,49480
2014.02.13,16:00,1.6636,1.66543,1.66245,1.66543,21640
2014.02.13,20:00,1.66543,1.66614,1.6649,1.66553,7296
2014.02.14,00:00,1.66553,1.66617,1.66454,1.66509,13914
2014.02.14,04:00,1.66509,1.66694,1.66441,1.66692,15059
2014.02.14,08:00,1.66692,1.6716,1.66684,1.67076,39091
2014.02.14,12:00,1.67076,1.67429,1.6699,1.67328,44990
2014.02.14,16:00,1.67329,1.67424,1.67244,1.67416,17371
2014.02.14,20:00,1.67415,1.67554,1.6741,1.67476,6880
2014.02.16,20:00,1.67687,1.67687,1.67467,1.67629,4278
2014.02.17,00:00,1.67629,1.68223,1.6749,1.67905,27559
2014.02.17,04:00,1.67908,1.67958,1.67667,1.67718,16595
2014.02.17,08:00,1.67719,1.67854,1.67203,1.67265,40097
2014.02.17,12:00,1.67264,1.67322,1.67095,1.67115,24077
2014.02.17,16:00,1.67114,1.67156,1.66956,1.67022,13421
2014.02.17,20:00,1.67025,1.67227,1.67016,1.67185,8495
2014.02.18,00:00,1.67183,1.67349,1.67098,1.67289,16197
2014.02.18,04:00,1.67289,1.67413,1.67149,1.67164,20590
2014.02.18,08:00,1.67169,1.67191,1.66551,1.66829,49701
2014.02.18,12:00,1.6683,1.67278,1.66625,1.66966,41821
2014.02.18,16:00,1.66967,1.67053,1.66782,1.66817,19271
2014.02.18,20:00,1.6682,1.66858,1.66753,1.66819,7768
2014.02.19,00:00,1.66818,1.66965,1.66775,1.66799,12278
2014.02.19,04:00,1.66799,1.67179,1.66785,1.67146,11583
2014.02.19,08:00,1.67143,1.67339,1.66598,1.66636,44883
2014.02.19,12:00,1.66637,1.67216,1.66367,1.67134,40585
2014.02.19,16:00,1.67131,1.67251,1.66731,1.66958,27545
2014.02.19,20:00,1.6696,1.66964,1.66736,1.66761,8490
2014.02.20,00:00,1.6676,1.66875,1.66643,1.66728,13933
2014.02.20,04:00,1.66728,1.6695,1.66703,1.66862,14822
2014.02.20,08:00,1.6686,1.66861,1.66351,1.66547,40252
2014.02.20,12:00,1.66547,1.66999,1.66441,1.66576,41060
2014.02.20,16:00,1.66574,1.66655,1.6625,1.66587,20693
2014.02.20,20:00,1.66587,1.66629,1.66482,1.66611,8472
2014.02.21,00:00,1.66609,1.66647,1.66453,1.66491,9364
2014.02.21,04:00,1.66492,1.66719,1.66367,1.66676,15951
2014.02.21,08:00,1.66676,1.66887,1.66112,1.66651,35692
2014.02.21,12:00,1.66651,1.67249,1.6656,1.66856,42903
2014.02.21,16:00,1.66858,1.66941,1.66128,1.66439,27376
2014.02.21,20:00,1.66437,1.66472,1.66142,1.6615,4298
2014.02.23,20:00,1.66269,1.66346,1.66261,1.66309,3103
2014.02.24,00:00,1.6631,1.6639,1.66265,1.66367,9551
2014.02.24,04:00,1.66366,1.66521,1.6627,1.66275,10802
2014.02.24,08:00,1.66275,1.66786,1.65991,1.66395,38668
2014.02.24,12:00,1.66393,1.66553,1.65834,1.66292,32802
2014.02.24,16:00,1.6629,1.66692,1.66205,1.66642,21073
2014.02.24,20:00,1.66642,1.66676,1.66485,1.66548,8729
2014.02.25,00:00,1.66548,1.66709,1.66451,1.66602,10215
2014.02.25,04:00,1.66601,1.66836,1.666,1.66721,13078
2014.02.25,08:00,1.66722,1.67068,1.6664,1.66877,33321
2014.02.25,12:00,1.66876,1.67234,1.66421,1.66817,50418
2014.02.25,16:00,1.66813,1.6727,1.66742,1.66765,27054
2014.02.25,20:00,1.66766,1.66857,1.66625,1.66749,9944
2014.02.26,00:00,1.66749,1.6681,1.66691,1.66756,9001
2014.02.26,04:00,1.66755,1.66894,1.66689,1.66713,10815
2014.02.26,08:00,1.66713,1.67015,1.66606,1.66896,36236
2014.02.26,12:00,1.66896,1.66931,1.66216,1.66403,51816
2014.02.26,16:00,1.66403,1.66638,1.66287,1.6663,22475
2014.02.26,20:00,1.66631,1.6673,1.66604,1.66659,9606
2014.02.27,00:00,1.66657,1.66831,1.66577,1.66719,10349
2014.02.27,04:00,1.66719,1.6677,1.66414,1.66468,12362
2014.02.27,08:00,1.6647,1.66541,1.66163,1.66407,43921
2014.02.27,12:00,1.66408,1.66786,1.66291,1.66709,41208
2014.02.27,16:00,1.66709,1.66987,1.66678,1.66836,22917
2014.02.27,20:00,1.66836,1.66913,1.66792,1.66904,10259
2014.02.28,00:00,1.66903,1.66944,1.66765,1.66796,11141
2014.02.28,04:00,1.66796,1.67436,1.6676,1.6731,17534
2014.02.28,08:00,1.67309,1.6769,1.66857,1.66874,46826
2014.02.28,12:00,1.66868,1.6763,1.66832,1.67578,49132
2014.02.28,16:00,1.6757,1.67635,1.67268,1.67579,25006
2014.02.28,20:00,1.67578,1.6759,1.67355,1.674,8562
2014.03.02,20:00,1.67124,1.67457,1.67076,1.67339,10330
2014.03.03,00:00,1.67339,1.67507,1.67278,1.67454,14014
2014.03.03,04:00,1.67453,1.67485,1.67103,1.67141,13833
2014.03.03,08:00,1.67146,1.67511,1.67013,1.67163,35764
2014.03.03,12:00,1.6716,1.67463,1.67,1.67189,38776
2014.03.03,16:00,1.6719,1.67366,1.6653,1.66601,29312
2014.03.03,20:00,1.66596,1.66692,1.66538,1.66647,9763
2014.03.04,00:00,1.66647,1.66695,1.6641,1.66531,10391
2014.03.04,04:00,1.6653,1.66919,1.665,1.66901,15571
2014.03.04,08:00,1.669,1.67163,1.66694,1.66906,36815
2014.03.04,12:00,1.66907,1.67052,1.66678,1.66723,32150
2014.03.04,16:00,1.66724,1.66786,1.66512,1.66736,20876
2014.03.04,20:00,1.66736,1.66763,1.66579,1.66645,8255
2014.03.05,00:00,1.66645,1.66727,1.66564,1.66653,10858
2014.03.05,04:00,1.66653,1.66821,1.66571,1.66718,8923
2014.03.05,08:00,1.66718,1.67009,1.66611,1.67009,35475
2014.03.05,12:00,1.67012,1.67416,1.66953,1.67289,46725
2014.03.05,16:00,1.67289,1.6737,1.67107,1.67118,14742
2014.03.05,20:00,1.67117,1.67257,1.67115,1.67132,7604
2014.03.06,00:00,1.67131,1.67267,1.6707,1.67092,10446
2014.03.06,04:00,1.67092,1.67284,1.67067,1.67151,11404
2014.03.06,08:00,1.67151,1.67283,1.67016,1.67261,25138
2014.03.06,12:00,1.67266,1.67523,1.66853,1.6717,66161
2014.03.06,16:00,1.6717,1.67774,1.67138,1.67396,25233
2014.03.06,20:00,1.67402,1.67457,1.67345,1.67409,8440
2014.03.07,00:00,1.67409,1.67413,1.67275,1.67367,8526
2014.03.07,04:00,1.67367,1.6744,1.67229,1.67267,9401
2014.03.07,08:00,1.67267,1.67724,1.67206,1.67645,32960
2014.03.07,12:00,1.6765,1.67857,1.67066,1.67211,49827
2014.03.07,16:00,1.67214,1.67358,1.67107,1.67253,18008
2014.03.07,20:00,1.67255,1.673,1.67124,1.67135,3764
2014.03.09,20:00,1.67268,1.67323,1.67166,1.67302,4346
2014.03.10,00:00,1.67297,1.67413,1.67285,1.67323,9001
2014.03.10,04:00,1.67323,1.6738,1.67025,1.67038,12777
2014.03.10,08:00,1.67037,1.67056,1.66267,1.66344,34605
2014.03.10,12:00,1.6634,1.66502,1.6622,1.66328,31858
2014.03.10,16:00,1.66327,1.66496,1.66287,1.66369,15638
2014.03.10,20:00,1.66369,1.66483,1.66365,1.66374,6450
2014.03.11,00:00,1.66374,1.66463,1.66367,1.6642,8210
2014.03.11,04:00,1.6642,1.6653,1.66296,1.6635,12915
2014.03.11,08:00,1.66351,1.66456,1.65962,1.66092,36188
2014.03.11,12:00,1.66093,1.66471,1.65982,1.66274,27420
2014.03.11,16:00,1.66276,1.66434,1.6615,1.6615,20481
2014.03.11,20:00,1.66148,1.66229,1.66124,1.66198,7299
2014.03.12,00:00,1.66192,1.66332,1.66137,1.66224,10015
2014.03.12,04:00,1.66224,1.66356,1.66204,1.66227,11547
2014.03.12,08:00,1.66229,1.66252,1.65685,1.65921,41850
2014.03.12,12:00,1.65917,1.66238,1.65866,1.66054,37890
2014.03.12,16:00,1.66052,1.66269,1.66046,1.66187,18049
2014.03.12,20:00,1.66186,1.66259,1.66153,1.66174,6964
2014.03.13,00:00,1.66174,1.66316,1.66066,1.66279,13276
2014.03.13,04:00,1.66278,1.66855,1.66278,1.66609,24565
2014.03.13,08:00,1.66613,1.67175,1.66499,1.67136,29690
2014.03.13,12:00,1.67136,1.67149,1.66746,1.66761,35496
2014.03.13,16:00,1.66761,1.66852,1.66097,1.66158,41131
2014.03.13,20:00,1.66158,1.66258,1.66145,1.66213,8653
2014.03.14,00:00,1.66212,1.66221,1.66125,1.66207,9615
2014.03.14,04:00,1.66208,1.66267,1.65935,1.6614,14549
2014.03.14,08:00,1.6614,1.66285,1.65883,1.65899,33613
2014.03.14,12:00,1.65901,1.66453,1.65872,1.66281,49987
2014.03.14,16:00,1.66288,1.66374,1.66103,1.66357,20644
2014.03.14,20:00,1.66357,1.66502,1.66277,1.66502,3660
2014.03.16,20:00,1.66382,1.66476,1.66294,1.66406,6277
2014.03.17,00:00,1.66405,1.66406,1.66257,1.66355,9059
2014.03.17,04:00,1.66355,1.66481,1.66282,1.66363,9990
2014.03.17,08:00,1.66362,1.6652,1.66046,1.66093,22746
2014.03.17,12:00,1.66093,1.66657,1.66047,1.66442,33996
2014.03.17,16:00,1.6644,1.66509,1.66301,1.66334,12023
2014.03.17,20:00,1.66338,1.66404,1.66321,1.66388,6905
2014.03.18,00:00,1.66388,1.66446,1.66331,1.66385,7906
2014.03.18,04:00,1.66385,1.66476,1.66017,1.66027,13104
2014.03.18,08:00,1.66025,1.66235,1.65896,1.66219,35743
2014.03.18,12:00,1.6622,1.66318,1.65457,1.6573,47093
2014.03.18,16:00,1.6573,1.65939,1.65638,1.65885,17976
2014.03.18,20:00,1.65886,1.65964,1.65813,1.65952,7912
2014.03.19,00:00,1.65951,1.66033,1.65857,1.65906,8137
2014.03.19,04:00,1.65906,1.6607,1.6587,1.65979,12064
2014.03.19,08:00,1.65979,1.66542,1.65979,1.6653,39653
2014.03.19,12:00,1.66529,1.6653,1.66081,1.66281,30482
2014.03.19,16:00,1.6628,1.66503,1.65079,1.65331,52995
2014.03.19,20:00,1.6533,1.6543,1.65247,1.65319,9511
2014.03.20,00:00,1.65322,1.65448,1.65303,1.65402,11998
2014.03.20,04:00,1.65403,1.6554,1.65275,1.65447,15733
2014.03.20,08:00,1.65447,1.65681,1.65012,1.65159,40212
2014.03.20,12:00,1.65161,1.65162,1.648,1.651,39855
2014.03.20,16:00,1.65099,1.65185,1.6495,1.65001,15440
2014.03.20,20:00,1.65002,1.65096,1.64993,1.6507,7159
2014.03.21,00:00,1.65065,1.65201,1.65051,1.65085,7857
2014.03.21,04:00,1.6509,1.65171,1.64838,1.64854,11658
2014.03.21,08:00,1.64855,1.65143,1.64754,1.65036,31220
2014.03.21,12:00,1.65036,1.65139,1.64821,1.64941,28060
2014.03.21,16:00,1.64941,1.65032,1.64819,1.64939,16525
2014.03.21,20:00,1.64939,1.65002,1.64822,1.6484,2550
2014.03.23,20:00,1.64567,1.64966,1.64567,1.6493,6331
2014.03.24,00:00,1.6493,1.64948,1.64774,1.64873,11304
2014.03.24,04:00,1.64873,1.65007,1.64786,1.64994,9083
2014.03.24,08:00,1.64998,1.65111,1.64655,1.64908,36096
2014.03.24,12:00,1.64907,1.64974,1.64719,1.64888,24235
2014.03.24,16:00,1.64887,1.65359,1.64856,1.65002,24115
2014.03.24,20:00,1.65006,1.65021,1.64885,1.64966,7573
2014.03.25,00:00,1.64967,1.65028,1.64924,1.64967,10100
2014.03.25,04:00,1.64966,1.6502,1.64811,1.64938,11059
2014.03.25,08:00,1.64938,1.65134,1.64814,1.65018,37155
2014.03.25,12:00,1.65018,1.65359,1.64993,1.6506,43406
2014.03.25,16:00,1.65062,1.65493,1.64924,1.65287,30017
2014.03.25,20:00,1.65287,1.65338,1.65259,1.65321,6736
2014.03.26,00:00,1.65322,1.65406,1.65265,1.653,9076
2014.03.26,04:00,1.65299,1.65445,1.65093,1.65424,14099
2014.03.26,08:00,1.65424,1.65566,1.65248,1.65447,33186
2014.03.26,12:00,1.65447,1.65769,1.65361,1.65644,44682
2014.03.26,16:00,1.65642,1.65968,1.65569,1.65914,34502
2014.03.26,20:00,1.65914,1.65933,1.65691,1.65775,9840
2014.03.27,00:00,1.65775,1.65857,1.65729,1.65817,9408
2014.03.27,04:00,1.65818,1.65843,1.65614,1.65757,12769
2014.03.27,08:00,1.65756,1.66401,1.65551,1.66354,48329
2014.03.27,12:00,1.6636,1.66467,1.66089,1.66105,57138
2014.03.27,16:00,1.66108,1.66222,1.66018,1.66108,23847
2014.03.27,20:00,1.66108,1.66166,1.65972,1.66069,8111
2014.03.28,00:00,1.66072,1.66223,1.66062,1.66189,10388
2014.03.28,04:00,1.66194,1.66292,1.66104,1.66281,11220
2014.03.28,08:00,1.6628,1.66309,1.65988,1.6626,45342
2014.03.28,12:00,1.66262,1.66511,1.66188,1.6636,42402
2014.03.28,16:00,1.6636,1.6649,1.66303,1.66432,12429
2014.03.28,20:00,1.66432,1.66474,1.66372,1.66372,2490
2014.03.30,20:00,1.66538,1.66557,1.66388,1.66463,8691
2014.03.31,00:00,1.66461,1.66461,1.66276,1.66289,11195
2014.03.31,04:00,1.66291,1.66492,1.66278,1.66332,16040
2014.03.31,08:00,1.66332,1.66558,1.6621,1.66473,34609
2014.03.31,12:00,1.66474,1.66806,1.66114,1.66734,42207
2014.03.31,16:00,1.66734,1.66837,1.6668,1.66714,15653
2014.03.31,20:00,1.66714,1.66723,1.66607,1.6664,9463
2014.04.01,00:00,1.6664,1.66668,1.66567,1.66657,11257
2014.04.01,04:00,1.66653,1.66744,1.66592,1.66624,15976
2014.04.01,08:00,1.6662,1.6674,1.66341,1.66357,29004
2014.04.01,12:00,1.66359,1.66529,1.66183,1.66379,28966
2014.04.01,16:00,1.66379,1.66459,1.66269,1.66336,9451
2014.04.01,20:00,1.66335,1.66335,1.66261,1.66296,8145
2014.04.02,00:00,1.66296,1.66351,1.66219,1.66242,11752
2014.04.02,04:00,1.66242,1.6651,1.66226,1.66492,12631
2014.04.02,08:00,1.66491,1.66638,1.66351,1.66541,23783
2014.04.02,12:00,1.66543,1.66584,1.66234,1.66331,28715
2014.04.02,16:00,1.6633,1.66378,1.66204,1.66261,9534
2014.04.02,20:00,1.66262,1.66283,1.66209,1.66259,6082
2014.04.03,00:00,1.66259,1.66605,1.66236,1.66368,16515
2014.04.03,04:00,1.66367,1.66603,1.66332,1.66406,14823
2014.04.03,08:00,1.66408,1.66423,1.65808,1.65996,31632
2014.04.03,12:00,1.65996,1.66072,1.65701,1.65817,51061
2014.04.03,16:00,1.65817,1.65954,1.65812,1.65898,9768
2014.04.03,20:00,1.65899,1.65987,1.65897,1.6597,6786
2014.04.04,00:00,1.65972,1.65974,1.65822,1.65868,7403
2014.04.04,04:00,1.65867,1.65908,1.65777,1.65885,10747
2014.04.04,08:00,1.65886,1.6596,1.65674,1.6569,17613
2014.04.04,12:00,1.6569,1.66055,1.65539,1.65922,52525
2014.04.04,16:00,1.65921,1.65923,1.65726,1.65784,10864
2014.04.04,20:00,1.65784,1.65801,1.65646,1.65671,1727
2014.04.06,20:00,1.65675,1.65823,1.65675,1.65788,4669
2014.04.07,00:00,1.65787,1.65793,1.65703,1.65715,9446
2014.04.07,04:00,1.65715,1.65821,1.65653,1.65685,15221
2014.04.07,08:00,1.65685,1.65934,1.65685,1.65892,20663
2014.04.07,12:00,1.65893,1.66237,1.65871,1.66143,25824
2014.04.07,16:00,1.66143,1.66192,1.66013,1.6612,7993
2014.04.07,20:00,1.66119,1.66119,1.6603,1.66078,8351
2014.04.08,00:00,1.6608,1.66205,1.66064,1.66161,12728
2014.04.08,04:00,1.66161,1.66424,1.66126,1.66397,15502
2014.04.08,08:00,1.66397,1.67246,1.66386,1.67103,31682
2014.04.08,12:00,1.67106,1.67541,1.67094,1.67428,39533
2014.04.08,16:00,1.67423,1.67537,1.67374,1.67457,17164
2014.04.08,20:00,1.67458,1.67507,1.67422,1.67472,7035
2014.04.09,00:00,1.6747,1.6751,1.67382,1.67471,11199
2014.04.09,04:00,1.67471,1.67522,1.67315,1.67449,12715
2014.04.09,08:00,1.67448,1.67491,1.67241,1.67433,21712
2014.04.09,12:00,1.67433,1.67645,1.67421,1.67503,33831
2014.04.09,16:00,1.67502,1.68001,1.67293,1.6792,25386
2014.04.09,20:00,1.67919,1.68013,1.67881,1.67991,8244
2014.04.10,00:00,1.6799,1.682,1.67922,1.67924,15822
2014.04.10,04:00,1.67924,1.68019,1.67719,1.67737,18971
2014.04.10,08:00,1.67737,1.67937,1.67661,1.6769,28109
2014.04.10,12:00,1.67691,1.67872,1.67543,1.67803,35973
2014.04.10,16:00,1.67802,1.67914,1.6778,1.678,14536
2014.04.10,20:00,1.678,1.67865,1.67738,1.67764,7694
2014.04.11,00:00,1.67765,1.67783,1.67658,1.67709,11197
2014.04.11,04:00,1.6771,1.6787,1.67665,1.67762,15890
2014.04.11,08:00,1.6776,1.67809,1.67191,1.67222,33113
2014.04.11,12:00,1.67227,1.67374,1.67171,1.67351,39119
2014.04.11,16:00,1.6735,1.67495,1.67288,1.67353,12366
2014.04.11,20:00,1.67353,1.67378,1.67282,1.67295,1694
2014.04.13,20:00,1.67181,1.67392,1.67181,1.67281,6930
2014.04.14,00:00,1.67283,1.67361,1.67172,1.67351,11839
2014.04.14,04:00,1.67351,1.67436,1.67219,1.67309,14302
2014.04.14,08:00,1.67309,1.67313,1.67074,1.67127,24982
2014.04.14,12:00,1.67129,1.67422,1.66964,1.67391,35555
2014.04.14,16:00,1.67391,1.67434,1.67211,1.6728,11953
2014.04.14,20:00,1.67279,1.67316,1.67197,1.67261,6351
2014.04.15,00:00,1.67261,1.67289,1.67122,1.67125,8932
2014.04.15,04:00,1.67127,1.67183,1.66838,1.6697,18847
2014.04.15,08:00,1.6697,1.6731,1.66583,1.67184,29608
2014.04.15,12:00,1.67184,1.67488,1.67129,1.67237,39551
2014.04.15,16:00,1.67238,1.67355,1.67172,1.67226,14339
2014.04.15,20:00,1.67225,1.67298,1.6722,1.67237,7372
2014.04.16,00:00,1.67236,1.67347,1.67198,1.67246,14261
2014.04.16,04:00,1.67246,1.67631,1.67203,1.67617,15626
2014.04.16,08:00,1.67616,1.68177,1.67583,1.67884,34464
2014.04.16,12:00,1.67877,1.68143,1.67863,1.67925,35935
2014.04.16,16:00,1.67924,1.68029,1.67863,1.67991,16146
2014.04.16,20:00,1.67991,1.68042,1.67884,1.68026,6735
2014.04.17,00:00,1.68022,1.68368,1.68011,1.68332,15933
2014.04.17,04:00,1.68333,1.68358,1.68251,1.68328,13961
2014.04.17,08:00,1.68328,1.68418,1.68041,1.6806,25369
2014.04.17,12:00,1.6806,1.68182,1.67977,1.68074,29752
2014.04.17,16:00,1.68075,1.68077,1.67868,1.67901,16928
2014.04.17,20:00,1.67901,1.67947,1.67749,1.67821,10492
2014.04.18,00:00,1.67821,1.67953,1.67751,1.67895,13587
2014.04.18,04:00,1.67893,1.67937,1.67846,1.67869,11713
2014.04.18,08:00,1.67868,1.67911,1.67741,1.67901,12543
2014.04.18,12:00,1.67901,1.6801,1.67818,1.67868,7752
2014.04.18,16:00,1.67867,1.67923,1.67756,1.67906,3132
2014.04.18,20:00,1.67906,1.68035,1.67825,1.67905,2399
2014.04.20,20:00,1.67882,1.68023,1.6783,1.67841,7386
2014.04.21,00:00,1.67838,1.6796,1.67837,1.6795,10063
2014.04.21,04:00,1.6795,1.68151,1.6795,1.6813,7310
2014.04.21,08:00,1.68131,1.68185,1.67981,1.68009,8254
2014.04.21,12:00,1.68009,1.68055,1.67901,1.67912,9426
2014.04.21,16:00,1.67913,1.68011,1.67904,1.67925,6699
2014.04.21,20:00,1.67927,1.67961,1.67888,1.67898,6995
2014.04.22,00:00,1.67899,1.67978,1.67857,1.67928,9919
2014.04.22,04:00,1.67928,1.68162,1.67917,1.68094,16086
2014.04.22,08:00,1.68094,1.6836,1.68022,1.68232,22748
2014.04.22,12:00,1.68234,1.68392,1.68129,1.68312,29101
2014.04.22,16:00,1.68311,1.68355,1.68211,1.6825,12068
2014.04.22,20:00,1.6825,1.68261,1.68216,1.68217,5524
2014.04.23,00:00,1.68217,1.68355,1.68193,1.68304,12052
2014.04.23,04:00,1.68304,1.68335,1.6799,1.68138,21479
2014.04.23,08:00,1.68136,1.68267,1.67813,1.67983,32441
2014.04.23,12:00,1.67983,1.68021,1.67626,1.67664,33309
2014.04.23,16:00,1.67663,1.67832,1.67663,1.67801,11386
2014.04.23,20:00,1.67802,1.67849,1.67767,1.67828,5618
2014.04.24,00:00,1.67824,1.67891,1.67812,1.67869,7815
2014.04.24,04:00,1.67869,1.68061,1.67822,1.67885,13678
2014.04.24,08:00,1.67884,1.67991,1.67752,1.67917,29102
2014.04.24,12:00,1.67917,1.68058,1.67652,1.67963,37453
2014.04.24,16:00,1.6796,1.68039,1.67924,1.67987,10953
2014.04.24,20:00,1.67987,1.68119,1.67981,1.68076,7923
2014.04.25,00:00,1.68076,1.68093,1.68026,1.68054,11088
2014.04.25,04:00,1.68055,1.68096,1.68004,1.68032,11530
2014.04.25,08:00,1.68029,1.68316,1.67897,1.68073,28968
2014.04.25,12:00,1.68073,1.68205,1.68042,1.68082,24730
2014.04.25,16:00,1.68083,1.68086,1.67952,1.68025,10895
2014.04.25,20:00,1.68024,1.68049,1.67959,1.67959,2144
2014.04.27,20:00,1.68014,1.68065,1.67945,1.68039,3990
2014.04.28,00:00,1.68041,1.68057,1.67773,1.67903,11120
2014.04.28,04:00,1.67903,1.68529,1.67857,1.68434,22217
2014.04.28,08:00,1.68436,1.6854,1.68363,1.68443,27849
2014.04.28,12:00,1.68443,1.68576,1.68049,1.68107,33835
2014.04.28,16:00,1.68107,1.68133,1.68011,1.6808,12711
2014.04.28,20:00,1.68079,1.68107,1.68058,1.68085,7700
2014.04.29,00:00,1.68084,1.68172,1.68084,1.68152,7989
2014.04.29,04:00,1.68152,1.6842,1.68082,1.68327,13661
2014.04.29,08:00,1.68326,1.68462,1.67924,1.6809,27078
2014.04.29,12:00,1.68089,1.68466,1.6804,1.68273,38442
2014.04.29,16:00,1.68273,1.68325,1.6822,1.68243,10950
2014.04.29,20:00,1.68245,1.68289,1.68193,1.68241,8441
2014.04.30,00:00,1.6824,1.68285,1.68212,1.68259,9255
2014.04.30,04:00,1.68259,1.68278,1.6807,1.68119,14894
2014.04.30,08:00,1.68119,1.68332,1.6806,1.68239,30222
2014.04.30,12:00,1.68239,1.69008,1.68198,1.68816,46388
2014.04.30,16:00,1.68816,1.68887,1.68609,1.68827,18864
2014.04.30,20:00,1.6883,1.6884,1.68695,1.68743,6592
2014.05.01,00:00,1.68746,1.6882,1.68714,1.68774,5658
2014.05.01,04:00,1.68773,1.68916,1.68753,1.68807,12559
2014.05.01,08:00,1.68807,1.69196,1.68784,1.6901,24961
2014.05.01,12:00,1.69011,1.69047,1.68757,1.68993,24556
2014.05.01,16:00,1.68993,1.68994,1.68843,1.68874,10239
2014.05.01,20:00,1.68875,1.68941,1.6886,1.6894,7144
2014.05.02,00:00,1.68945,1.68949,1.68805,1.68843,6810
2014.05.02,04:00,1.68846,1.68939,1.68797,1.68913,12482
2014.05.02,08:00,1.68913,1.68923,1.68563,1.68677,24950
2014.05.02,12:00,1.68682,1.68816,1.68221,1.68638,55909
2014.05.02,16:00,1.68638,1.68781,1.68605,1.68753,13045
2014.05.02,20:00,1.68752,1.68773,1.68659,1.68688,2003
2014.05.04,20:00,1.68745,1.68852,1.6873,1.68782,2309
2014.05.05,00:00,1.68782,1.6883,1.68702,1.68709,11879
2014.05.05,04:00,1.68709,1.68779,1.68661,1.68673,8966
2014.05.05,08:00,1.68673,1.68747,1.68591,1.68635,13384
2014.05.05,12:00,1.68636,1.68724,1.68531,1.68694,21553
2014.05.05,16:00,1.68694,1.68722,1.68656,1.6868,6284
2014.05.05,20:00,1.68681,1.68701,1.68646,1.68671,13300
2014.05.06,00:00,1.68672,1.68823,1.6866,1.6881,8868
2014.05.06,04:00,1.6881,1.69414,1.68788,1.69361,22197
2014.05.06,08:00,1.69361,1.6979,1.69295,1.69701,30836
2014.05.06,12:00,1.69702,1.69961,1.69702,1.69742,35344
2014.05.06,16:00,1.69742,1.69853,1.69724,1.69809,10575
2014.05.06,20:00,1.69807,1.6981,1.69712,1.69749,6556
2014.05.07,00:00,1.69748,1.69805,1.6969,1.69786,9909
2014.05.07,04:00,1.69786,1.69859,1.69711,1.69782,14889
2014.05.07,08:00,1.69782,1.69797,1.69556,1.69711,22866
2014.05.07,12:00,1.69712,1.69806,1.69569,1.69629,39697
2014.05.07,16:00,1.69629,1.6967,1.69509,1.69541,11572
2014.05.07,20:00,1.69541,1.69563,1.69512,1.69538,6037
2014.05.08,00:00,1.69538,1.6957,1.69432,1.6952,13841
2014.05.08,04:00,1.69521,1.69675,1.69512,1.69586,14917
2014.05.08,08:00,1.69585,1.69743,1.69465,1.69469,28279
2014.05.08,12:00,1.6947,1.69708,1.69345,1.69437,65924
2014.05.08,16:00,1.69435,1.69508,1.69237,1.69347,17730
2014.05.08,20:00,1.69347,1.6939,1.69277,1.69335,7406
2014.05.09,00:00,1.69335,1.69337,1.69152,1.69253,10805
2014.05.09,04:00,1.69254,1.69343,1.69229,1.69317,13099
2014.05.09,08:00,1.6932,1.69382,1.68622,1.68647,33271
2014.05.09,12:00,1.68647,1.6869,1.68321,1.68483,44432
2014.05.09,16:00,1.68482,1.68543,1.68392,1.68503,14101
2014.05.09,20:00,1.68503,1.68551,1.68455,1.68455,2086
2014.05.11,20:00,1.6838,1.68601,1.6838,1.68587,4913
2014.05.12,00:00,1.68587,1.68615,1.68473,1.68588,11475
2014.05.12,04:00,1.68587,1.68817,1.68519,1.68731,18007
2014.05.12,08:00,1.68732,1.69029,1.68714,1.68867,26185
2014.05.12,12:00,1.68867,1.68976,1.68681,1.68697,21281
2014.05.12,16:00,1.68697,1.68719,1.68623,1.68675,7945
2014.05.12,20:00,1.68675,1.68729,1.68663,1.6872,5880
2014.05.13,00:00,1.68718,1.68829,1.68713,1.68767,11103
2014.05.13,04:00,1.68766,1.68828,1.68555,1.68585,17114
2014.05.13,08:00,1.68585,1.68616,1.68254,1.68384,40989
2014.05.13,12:00,1.68384,1.68589,1.68266,1.68374,38306
2014.05.13,16:00,1.68373,1.68389,1.68187,1.68254,16920
2014.05.13,20:00,1.68252,1.68318,1.68238,1.68308,8050
2014.05.14,00:00,1.68308,1.68555,1.68281,1.68521,12525
2014.05.14,04:00,1.68521,1.68714,1.68478,1.68616,20741
2014.05.14,08:00,1.68616,1.68741,1.6758,1.67776,56250
2014.05.14,12:00,1.67776,1.67874,1.67534,1.67827,34304
2014.05.14,16:00,1.67826,1.67865,1.67652,1.67717,14194
2014.05.14,20:00,1.67716,1.67716,1.67636,1.67678,9012
2014.05.15,00:00,1.6768,1.67768,1.67655,1.67755,13448
2014.05.15,04:00,1.67755,1.6777,1.6732,1.67387,24967
2014.05.15,08:00,1.67387,1.67604,1.67354,1.67562,35147
2014.05.15,12:00,1.67561,1.68058,1.67427,1.67904,56083
2014.05.15,16:00,1.67902,1.6798,1.6782,1.67915,15827
2014.05.15,20:00,1.67913,1.67934,1.67855,1.67929,6321
2014.05.16,00:00,1.67927,1.67937,1.67831,1.67898,8895
2014.05.16,04:00,1.67899,1.68049,1.67858,1.67973,11679
2014.05.16,08:00,1.67972,1.68125,1.67848,1.67985,28042
2014.05.16,12:00,1.67985,1.68403,1.67979,1.68263,38537
2014.05.16,16:00,1.68263,1.68309,1.68149,1.68189,12869
2014.05.16,20:00,1.68187,1.68215,1.68072,1.68072,2102
2014.05.18,20:00,1.68147,1.68255,1.68127,1.68233,5162
2014.05.19,00:00,1.68232,1.68299,1.682,1.68216,12015
2014.05.19,04:00,1.68215,1.68333,1.68111,1.6825,20783
2014.05.19,08:00,1.68249,1.68447,1.68052,1.68371,35567
2014.05.19,12:00,1.68372,1.68418,1.68203,1.68213,35064
2014.05.19,16:00,1.68213,1.68255,1.68117,1.68196,13211
2014.05.19,20:00,1.68198,1.68211,1.68111,1.68141,7858
2014.05.20,00:00,1.68141,1.68203,1.68091,1.68187,12754
2014.05.20,04:00,1.68187,1.68407,1.68021,1.68359,20149
2014.05.20,08:00,1.6836,1.68639,1.68165,1.68265,36929
2014.05.20,12:00,1.68265,1.68491,1.68223,1.68453,30026
2014.05.20,16:00,1.68453,1.68473,1.68372,1.68401,15643
2014.05.20,20:00,1.68397,1.68412,1.68341,1.68368,7512
2014.05.21,00:00,1.68371,1.68426,1.68316,1.68367,13691
2014.05.21,04:00,1.68367,1.68582,1.68344,1.68555,22289
2014.05.21,08:00,1.68551,1.69207,1.68545,1.68925,46354
2014.05.21,12:00,1.68925,1.68997,1.68642,1.68686,34405
2014.05.21,16:00,1.68686,1.69032,1.68574,1.69024,26865
2014.05.21,20:00,1.69024,1.69036,1.6895,1.68965,9125
2014.05.22,00:00,1.68965,1.68991,1.68837,1.68896,13357
2014.05.22,04:00,1.68895,1.69071,1.68788,1.69033,23909
2014.05.22,08:00,1.69035,1.69173,1.68621,1.68691,36438
2014.05.22,12:00,1.68691,1.68771,1.68514,1.68579,34695
2014.05.22,16:00,1.68579,1.68681,1.68518,1.68665,11897
2014.05.22,20:00,1.68666,1.68716,1.68647,1.68665,8992
2014.05.23,00:00,1.68661,1.68701,1.68536,1.68653,13353
2014.05.23,04:00,1.68653,1.6875,1.68413,1.6847,18223
2014.05.23,08:00,1.68471,1.68559,1.68296,1.6841,34019
2014.05.23,12:00,1.68409,1.68473,1.68148,1.68217,34579
2014.05.23,16:00,1.68219,1.68329,1.68128,1.68246,13333
2014.05.23,20:00,1.68246,1.6833,1.68228,1.68299,4537
2014.05.25,20:00,1.68308,1.68434,1.68185,1.68326,4722
2014.05.26,00:00,1.68326,1.68361,1.68262,1.68351,9505
2014.05.26,04:00,1.68351,1.68528,1.68332,1.68482,18995
2014.05.26,08:00,1.68482,1.6851,1.68366,1.68423,17519
2014.05.26,12:00,1.68423,1.68489,1.68348,1.68439,15733
2014.05.26,16:00,1.68439,1.68483,1.68411,1.68442,7939
2014.05.26,20:00,1.68441,1.68469,1.6834,1.68435,7602
2014.05.27,00:00,1.68435,1.68689,1.68419,1.68615,14568
2014.05.27,04:00,1.68614,1.6882,1.68562,1.68725,23369
2014.05.27,08:00,1.68722,1.68727,1.68125,1.68193,37650
2014.05.27,12:00,1.68193,1.68243,1.67938,1.67985,39446
2014.05.27,16:00,1.67986,1.68123,1.67825,1.68065,17282
2014.05.27,20:00,1.68064,1.6813,1.6804,1.68098,8598
2014.05.28,00:00,1.68099,1.68146,1.68064,1.68126,13644
2014.05.28,04:00,1.68124,1.68154,1.67609,1.67709,27491
2014.05.28,08:00,1.67708,1.67731,1.67417,1.67501,34174
2014.05.28,12:00,1.67501,1.67535,1.66976,1.67069,45247
2014.05.28,16:00,1.6707,1.67145,1.67027,1.67136,15490
2014.05.28,20:00,1.67135,1.67175,1.6708,1.67128,9849
2014.05.29,00:00,1.67128,1.67277,1.67128,1.67273,15432
2014.05.29,04:00,1.67273,1.6728,1.66928,1.67023,22305
2014.05.29,08:00,1.67021,1.67406,1.67013,1.67169,29792
2014.05.29,12:00,1.67169,1.67284,1.67071,1.67174,41637
2014.05.29,16:00,1.67174,1.67208,1.67051,1.67176,13853
2014.05.29,20:00,1.67176,1.67248,1.67132,1.67222,9819
2014.05.30,00:00,1.67223,1.67356,1.67165,1.67328,16141
2014.05.30,04:00,1.67327,1.6758,1.67308,1.67552,22401
2014.05.30,08:00,1.67553,1.67555,1.67262,1.6739,28343
2014.05.30,12:00,1.6739,1.67773,1.67351,1.67634,42742
2014.05.30,16:00,1.67636,1.67749,1.67576,1.67623,14602
2014.05.30,20:00,1.67623,1.67629,1.67491,1.67526,3039
2014.06.01,20:00,1.67634,1.67676,1.67501,1.67551,5893
2014.06.02,00:00,1.6755,1.6755,1.67424,1.67432,11392
2014.06.02,04:00,1.67432,1.67599,1.67376,1.67514,20424
2014.06.02,08:00,1.67515,1.67612,1.67241,1.67458,37895
2014.06.02,12:00,1.67458,1.67609,1.67427,1.67551,37104
2014.06.02,16:00,1.67551,1.67553,1.67298,1.67495,19592
2014.06.02,20:00,1.67495,1.67498,1.67424,1.67426,7449
2014.06.03,00:00,1.67425,1.67517,1.67402,1.67423,11617
2014.06.03,04:00,1.67423,1.67677,1.67413,1.67652,17943
2014.06.03,08:00,1.67653,1.6782,1.67425,1.67521,43913
2014.06.03,12:00,1.6752,1.67619,1.67305,1.67515,40137
2014.06.03,16:00,1.67516,1.67562,1.67435,1.67456,14193
2014.06.03,20:00,1.67456,1.67525,1.67389,1.67395,12049
2014.06.04,00:00,1.67395,1.6741,1.67178,1.67228,16577
2014.06.04,04:00,1.67227,1.67248,1.67055,1.67078,23679
2014.06.04,08:00,1.67081,1.67671,1.66986,1.6759,43974
2014.06.04,12:00,1.67592,1.67686,1.67408,1.67454,41549
2014.06.04,16:00,1.67457,1.67489,1.67337,1.67394,16644
2014.06.04,20:00,1.67394,1.67398,1.67347,1.67387,8847
2014.06.05,00:00,1.67387,1.67482,1.67347,1.67469,13949
2014.06.05,04:00,1.67471,1.67593,1.6741,1.67591,19853
2014.06.05,08:00,1.6759,1.67923,1.67355,1.67503,46463
2014.06.05,12:00,1.67501,1.6811,1.67225,1.67949,78918
2014.06.05,16:00,1.67949,1.68248,1.67919,1.68089,27842
2014.06.05,20:00,1.6809,1.68201,1.68066,1.68066,14503
2014.06.06,00:00,1.68066,1.6815,1.68064,1.68098,13806
2014.06.06,04:00,1.68098,1.68151,1.68015,1.68134,22317
2014.06.06,08:00,1.68134,1.68288,1.68018,1.68229,35710
2014.06.06,12:00,1.68229,1.68451,1.67807,1.67929,63172
2014.06.06,16:00,1.67929,1.68128,1.67911,1.68045,16102
2014.06.06,20:00,1.68045,1.681,1.67959,1.67987,4910
2014.06.08,20:00,1.68041,1.68115,1.68,1.68064,8486
2014.06.09,00:00,1.68063,1.68093,1.68025,1.68081,11847
2014.06.09,04:00,1.68081,1.6832,1.68064,1.6817,19307
2014.06.09,08:00,1.6817,1.68212,1.67954,1.68071,30426
2014.06.09,12:00,1.68071,1.68081,1.67837,1.67962,40418
2014.06.09,16:00,1.67961,1.68007,1.67916,1.67952,14912
2014.06.09,20:00,1.67954,1.68033,1.6795,1.6802,11942
2014.06.10,00:00,1.6802,1.68143,1.68016,1.68087,17787
2014.06.10,04:00,1.68088,1.68172,1.67976,1.68015,21756
2014.06.10,08:00,1.68016,1.68106,1.67655,1.67767,48436
2014.06.10,12:00,1.67767,1.67802,1.67482,1.67523,41332
2014.06.10,16:00,1.67523,1.67589,1.67425,1.67533,18160
2014.06.10,20:00,1.67533,1.67577,1.67472,1.67473,10736
2014.06.11,00:00,1.67473,1.67565,1.67379,1.67555,18964
2014.06.11,04:00,1.67555,1.67706,1.67484,1.67575,23032
2014.06.11,08:00,1.67576,1.67972,1.67505,1.67833,47811
2014.06.11,12:00,1.67832,1.67945,1.6777,1.67937,40852
2014.06.11,16:00,1.67936,1.68108,1.67864,1.6788,18508
2014.06.11,20:00,1.6788,1.67911,1.67855,1.67898,12853
2014.06.12,00:00,1.67898,1.68005,1.67898,1.67971,16374
2014.06.12,04:00,1.67971,1.68341,1.6795,1.68281,28445
2014.06.12,08:00,1.68281,1.68389,1.68116,1.68128,41931
2014.06.12,12:00,1.68129,1.68595,1.68127,1.68514,50666
2014.06.12,16:00,1.68514,1.68517,1.6802,1.68377,28940
2014.06.12,20:00,1.68377,1.69582,1.68363,1.69549,34683
2014.06.13,00:00,1.69549,1.6967,1.69392,1.69637,22457
2014.06.13,04:00,1.69635,1.69919,1.69516,1.69835,41778
2014.06.13,08:00,1.69833,1.69851,1.69472,1.69522,45081
2014.06.13,12:00,1.69522,1.69787,1.69429,1.69514,54530
2014.06.13,16:00,1.69514,1.69729,1.69514,1.69708,22577
2014.06.13,20:00,1.69708,1.69708,1.69559,1.69632,5161
2014.06.15,20:00,1.69717,1.69777,1.69682,1.69766,10983
2014.06.16,00:00,1.69766,1.69855,1.69732,1.69816,16290
2014.06.16,04:00,1.69816,1.70105,1.69714,1.69771,34657
2014.06.16,08:00,1.69771,1.69793,1.69592,1.69698,32124
2014.06.16,12:00,1.69701,1.69935,1.69656,1.69872,45025
2014.06.16,16:00,1.69872,1.69873,1.69735,1.69798,14881
2014.06.16,20:00,1.69798,1.69836,1.6974,1.69767,11639
2014.06.17,00:00,1.69767,1.69815,1.69581,1.69628,19657
2014.06.17,04:00,1.69628,1.69867,1.69614,1.69807,23799
2014.06.17,08:00,1.69806,1.69891,1.69375,1.69767,44031
2014.06.17,12:00,1.69769,1.69802,1.69487,1.69633,45393
2014.06.17,16:00,1.69633,1.6968,1.69527,1.69608,14784
2014.06.17,20:00,1.69608,1.69641,1.69558,1.69602,12454
2014.06.18,00:00,1.69602,1.69667,1.69602,1.69624,12374
2014.06.18,04:00,1.69626,1.69857,1.69571,1.69662,22859
2014.06.18,08:00,1.69662,1.70018,1.6932,1.69429,44929
2014.06.18,12:00,1.69428,1.69545,1.69348,1.69493,35340
2014.06.18,16:00,1.69491,1.70004,1.69204,1.6988,45523
2014.06.18,20:00,1.6988,1.69985,1.69744,1.69972,16213
2014.06.19,00:00,1.69972,1.70041,1.69903,1.69945,14472
2014.06.19,04:00,1.69945,1.7018,1.69843,1.70058,29657
2014.06.19,08:00,1.7006,1.70344,1.69981,1.70283,40644
2014.06.19,12:00,1.70284,1.70625,1.70269,1.7045,51617
2014.06.19,16:00,1.7045,1.70468,1.70324,1.70352,18915
2014.06.19,20:00,1.70351,1.70441,1.70351,1.70382,10162
2014.06.20,00:00,1.70382,1.70495,1.7033,1.70468,10030
2014.06.20,04:00,1.70467,1.70586,1.70438,1.70535,20101
2014.06.20,08:00,1.70537,1.70603,1.70329,1.70373,35872
2014.06.20,12:00,1.70373,1.70429,1.70054,1.70133,43689
2014.06.20,16:00,1.70133,1.70189,1.70029,1.70151,15054
2014.06.20,20:00,1.70154,1.70177,1.70092,1.70113,4535
2014.06.22,20:00,1.70106,1.70232,1.70106,1.70202,7161
2014.06.23,00:00,1.70202,1.70389,1.70101,1.70337,18028
2014.06.23,04:00,1.70339,1.70493,1.70268,1.70302,24867
2014.06.23,08:00,1.70304,1.70318,1.70073,1.70073,34126
2014.06.23,12:00,1.70073,1.7017,1.70018,1.70092,40809
2014.06.23,16:00,1.70093,1.70291,1.70092,1.70272,15785
2014.06.23,20:00,1.70272,1.70303,1.70189,1.70237,10884
2014.06.24,00:00,1.70237,1.70271,1.70172,1.70261,7849
2014.06.24,04:00,1.70261,1.70317,1.70195,1.70259,20174
2014.06.24,08:00,1.70259,1.70302,1.69735,1.69912,47931
2014.06.24,12:00,1.69912,1.69997,1.69663,1.69695,34955
2014.06.24,16:00,1.69697,1.69931,1.69655,1.69843,16284
2014.06.24,20:00,1.69843,1.69883,1.69776,1.69799,9470
2014.06.25,00:00,1.69801,1.69815,1.6972,1.69779,13690
2014.06.25,04:00,1.69778,1.69783,1.69526,1.69573,24601
2014.06.25,08:00,1.69573,1.69827,1.69522,1.69736,31779
2014.06.25,12:00,1.69739,1.70043,1.69699,1.69852,49208
2014.06.25,16:00,1.69852,1.69865,1.69718,1.69799,18057
2014.06.25,20:00,1.69799,1.69874,1.69773,1.69812,10226
2014.06.26,00:00,1.69812,1.69922,1.69806,1.69888,14448
2014.06.26,04:00,1.69888,1.70002,1.6971,1.69947,21497
2014.06.26,08:00,1.69947,1.7035,1.69837,1.70217,39262
2014.06.26,12:00,1.70217,1.70397,1.69967,1.70164,45885
2014.06.26,16:00,1.70164,1.7032,1.70113,1.70279,16908
2014.06.26,20:00,1.70278,1.70291,1.702,1.7022,10819
2014.06.27,00:00,1.7022,1.70509,1.70219,1.70444,15381
2014.06.27,04:00,1.70444,1.70444,1.70199,1.7028,18234
2014.06.27,08:00,1.7028,1.70373,1.70146,1.70215,25309
2014.06.27,12:00,1.70214,1.70319,1.70067,1.70157,30900
2014.06.27,16:00,1.70158,1.70407,1.70145,1.70395,15466
2014.06.27,20:00,1.70396,1.70449,1.70232,1.70325,4649
2014.06.29,20:00,1.70262,1.70394,1.70244,1.70351,6184
2014.06.30,00:00,1.70351,1.70367,1.70232,1.70281,11885
2014.06.30,04:00,1.70282,1.70413,1.70127,1.7025,21253
2014.06.30,08:00,1.70251,1.7052,1.70084,1.70448,36777
2014.06.30,12:00,1.70448,1.71131,1.70375,1.71044,50027
2014.06.30,16:00,1.71043,1.71149,1.70981,1.71147,18727
2014.06.30,20:00,1.71147,1.71148,1.71024,1.71078,11123
2014.07.01,00:00,1.71079,1.71123,1.71024,1.71033,15313
2014.07.01,04:00,1.71033,1.71119,1.70959,1.71037,20973
2014.07.01,08:00,1.71036,1.71472,1.70969,1.71457,38491
2014.07.01,12:00,1.71457,1.71617,1.71336,1.7146,43647
2014.07.01,16:00,1.7146,1.71657,1.7146,1.71529,18833
2014.07.01,20:00,1.71529,1.7154,1.71438,1.71462,14989
2014.07.02,00:00,1.71462,1.71511,1.71402,1.71497,16082
2014.07.02,04:00,1.71497,1.7159,1.71425,1.71496,23271
2014.07.02,08:00,1.71496,1.71769,1.71454,1.71652,32484
2014.07.02,12:00,1.71653,1.71724,1.71401,1.71639,49743
2014.07.02,16:00,1.71639,1.71659,1.71519,1.71645,17585
2014.07.02,20:00,1.71644,1.71669,1.71589,1.71605,13088
2014.07.03,00:00,1.71605,1.71637,1.71498,1.71575,18518
2014.07.03,04:00,1.71574,1.71597,1.71454,1.71549,20908
2014.07.03,08:00,1.71549,1.71608,1.71249,1.71322,36036
2014.07.03,12:00,1.71322,1.7156,1.70989,1.71511,61189
2014.07.03,16:00,1.71512,1.71551,1.71467,1.71515,14520
2014.07.03,20:00,1.71515,1.71552,1.71503,1.7151,11026
2014.07.04,00:00,1.71512,1.7167,1.71493,1.71632,15952
2014.07.04,04:00,1.71632,1.71791,1.71488,1.71531,22663
2014.07.04,08:00,1.71531,1.7155,1.71311,1.71399,24831
2014.07.04,12:00,1.71403,1.71668,1.71382,1.71606,25709
2014.07.04,16:00,1.71606,1.71649,1.71517,1.71557,14677
2014.07.04,20:00,1.71559,1.71589,1.71524,1.71577,3530
2014.07.06,20:00,1.71675,1.71678,1.71489,1.71529,11649
2014.07.07,00:00,1.71529,1.71529,1.71352,1.7142,15480
2014.07.07,04:00,1.71421,1.71561,1.71363,1.71465,19058
2014.07.07,08:00,1.71466,1.7152,1.71159,1.71291,31436
2014.07.07,12:00,1.7129,1.71331,1.71081,1.71265,33002
2014.07.07,16:00,1.71265,1.7139,1.71253,1.71324,16100
2014.07.07,20:00,1.71324,1.71369,1.71269,1.71321,11394
2014.07.08,00:00,1.71321,1.71475,1.71293,1.71294,16310
2014.07.08,04:00,1.71295,1.7145,1.71238,1.71373,20057
2014.07.08,08:00,1.71375,1.71422,1.70851,1.71181,36709
2014.07.08,12:00,1.7118,1.71281,1.71143,1.71258,34015
2014.07.08,16:00,1.71258,1.71342,1.71241,1.71324,15012
2014.07.08,20:00,1.71322,1.71398,1.71282,1.71368,13570
2014.07.09,00:00,1.71368,1.71418,1.7126,1.7131,17176
2014.07.09,04:00,1.7131,1.71461,1.71135,1.71143,27156
2014.07.09,08:00,1.71143,1.712,1.71053,1.71089,29301
2014.07.09,12:00,1.71092,1.71439,1.70942,1.71287,39801
2014.07.09,16:00,1.71287,1.71609,1.7106,1.71534,28543
2014.07.09,20:00,1.71535,1.71576,1.71523,1.71566,17411
2014.07.10,00:00,1.71566,1.71675,1.71505,1.71521,17872
2014.07.10,04:00,1.71521,1.71598,1.71216,1.71302,24908
2014.07.10,08:00,1.713,1.71356,1.71047,1.71111,42441
2014.07.10,12:00,1.71111,1.71282,1.71061,1.71202,41573
2014.07.10,16:00,1.71204,1.71428,1.71163,1.71374,16875
2014.07.10,20:00,1.71374,1.71374,1.71234,1.71291,13432
2014.07.11,00:00,1.71291,1.71346,1.71207,1.71318,16762
2014.07.11,04:00,1.71317,1.71387,1.71202,1.71308,20211
2014.07.11,08:00,1.7131,1.71505,1.71249,1.7129,35694
2014.07.11,12:00,1.7129,1.71291,1.70991,1.7107,40428
2014.07.11,16:00,1.71071,1.7121,1.71031,1.712,14779
2014.07.11,20:00,1.71199,1.71322,1.70936,1.70996,3195
2014.07.13,20:00,1.71205,1.71238,1.71081,1.71214,10452
2014.07.14,00:00,1.71211,1.71215,1.71119,1.71129,13410
2014.07.14,04:00,1.71128,1.71291,1.71062,1.71244,26014
2014.07.14,08:00,1.71243,1.71437,1.71068,1.71074,33427
2014.07.14,12:00,1.71074,1.71138,1.70697,1.70774,38930
2014.07.14,16:00,1.70774,1.7082,1.70706,1.70798,17771
2014.07.14,20:00,1.70798,1.70899,1.70785,1.70871,10207
2014.07.15,00:00,1.7087,1.70884,1.70768,1.70783,14430
2014.07.15,04:00,1.70783,1.70851,1.70592,1.70736,27942
2014.07.15,08:00,1.70734,1.71653,1.70673,1.71589,50410
2014.07.15,12:00,1.71588,1.7191,1.7139,1.71478,59216
2014.07.15,16:00,1.71478,1.71508,1.71374,1.71444,16254
2014.07.15,20:00,1.71445,1.71464,1.7138,1.71428,12781
2014.07.16,00:00,1.71425,1.71425,1.71329,1.71356,15481
2014.07.16,04:00,1.71355,1.71444,1.713,1.71441,23030
2014.07.16,08:00,1.7144,1.71508,1.71124,1.7126,40835
2014.07.16,12:00,1.7126,1.71463,1.71203,1.71301,37670
2014.07.16,16:00,1.713,1.71371,1.71248,1.71363,18204
2014.07.16,20:00,1.71363,1.71407,1.71333,1.71379,12431
2014.07.17,00:00,1.71381,1.71418,1.71341,1.71392,18748
2014.07.17,04:00,1.71392,1.71437,1.71078,1.71096,25835
2014.07.17,08:00,1.71096,1.7121,1.70946,1.70956,33181
2014.07.17,12:00,1.70957,1.7108,1.70853,1.71026,40114
2014.07.17,16:00,1.71025,1.71151,1.70973,1.71038,20702
2014.07.17,20:00,1.71039,1.71098,1.70838,1.70915,22173
2014.07.18,00:00,1.70915,1.70992,1.70831,1.70934,18937
2014.07.18,04:00,1.70932,1.71095,1.7093,1.71029,22817
2014.07.18,08:00,1.71032,1.71173,1.70891,1.70891,32027
2014.07.18,12:00,1.70891,1.70903,1.70361,1.70673,53552
2014.07.18,16:00,1.70674,1.70943,1.70627,1.70852,19510
2014.07.18,20:00,1.70852,1.70886,1.70829,1.70842,4927
2014.07.20,20:00,1.70858,1.70919,1.7077,1.70884,9733
2014.07.21,00:00,1.70883,1.70981,1.70811,1.70961,13460
2014.07.21,04:00,1.70961,1.70992,1.70694,1.7075,29281
2014.07.21,08:00,1.7075,1.70932,1.70694,1.70751,48139
2014.07.21,12:00,1.70751,1.70788,1.70556,1.70651,46876
2014.07.21,16:00,1.70651,1.70786,1.70619,1.70775,15046
2014.07.21,20:00,1.70775,1.70785,1.70678,1.70679,7594
2014.07.22,00:00,1.7068,1.70818,1.7068,1.70786,15981
2014.07.22,04:00,1.70786,1.70829,1.70625,1.70636,28385
2014.07.22,08:00,1.70636,1.70739,1.70586,1.70617,46229
2014.07.22,12:00,1.70618,1.70789,1.70413,1.70574,62482
2014.07.22,16:00,1.70575,1.7065,1.70518,1.70636,14632
2014.07.22,20:00,1.70632,1.70676,1.7059,1.7063,9268
2014.07.23,00:00,1.70631,1.70728,1.70611,1.70725,17498
2014.07.23,04:00,1.70725,1.70803,1.70593,1.70756,29304
2014.07.23,08:00,1.70756,1.70952,1.70307,1.70342,70204
2014.07.23,12:00,1.70346,1.70506,1.7024,1.70344,49594
2014.07.23,16:00,1.70344,1.70387,1.70282,1.70383,15632
2014.07.23,20:00,1.70385,1.70449,1.70318,1.70388,12529
2014.07.24,00:00,1.70388,1.70396,1.70314,1.70342,14475
2014.07.24,04:00,1.7034,1.70533,1.7022,1.70413,38686
2014.07.24,08:00,1.70411,1.70418,1.70063,1.70129,54589
2014.07.24,12:00,1.70129,1.70141,1.69662,1.69803,60529
2014.07.24,16:00,1.69803,1.69894,1.69759,1.69864,14960
2014.07.24,20:00,1.69861,1.69911,1.69847,1.69895,9247
2014.07.25,00:00,1.69895,1.69923,1.69856,1.69893,12717
2014.07.25,04:00,1.69893,1.6998,1.69731,1.69753,27538
2014.07.25,08:00,1.69752,1.69922,1.6961,1.69818,51549
2014.07.25,12:00,1.69818,1.69957,1.6965,1.6971,61617
2014.07.25,16:00,1.6971,1.69797,1.69654,1.69769,18888
2014.07.25,20:00,1.69769,1.69769,1.69719,1.69738,3632
2014.07.27,20:00,1.69778,1.6982,1.69738,1.69808,9722
2014.07.28,00:00,1.69808,1.69826,1.69747,1.6976,19670
2014.07.28,04:00,1.6976,1.69846,1.69748,1.6978,31518
2014.07.28,08:00,1.69781,1.69898,1.69724,1.69837,37817
2014.07.28,12:00,1.69837,1.70006,1.69837,1.69902,53672
2014.07.28,16:00,1.69901,1.69938,1.69789,1.69812,16142
2014.07.28,20:00,1.69812,1.69863,1.69795,1.69823,13639
2014.07.29,00:00,1.69823,1.69879,1.69747,1.69755,19654
2014.07.29,04:00,1.69755,1.69832,1.6967,1.69796,37585
2014.07.29,08:00,1.69795,1.69946,1.69463,1.69489,46511
2014.07.29,12:00,1.6949,1.69536,1.69333,1.69378,59461
2014.07.29,16:00,1.69378,1.69486,1.69334,1.69418,19674
2014.07.29,20:00,1.69419,1.69479,1.69397,1.6946,14577
2014.07.30,00:00,1.6946,1.69548,1.69426,1.69484,21308
2014.07.30,04:00,1.69485,1.69487,1.69287,1.6934,37208
2014.07.30,08:00,1.69342,1.69411,1.69251,1.69272,40330
2014.07.30,12:00,1.69269,1.69341,1.68893,1.69016,67692
2014.07.30,16:00,1.69016,1.69279,1.68916,1.69092,33727
2014.07.30,20:00,1.69093,1.69179,1.69044,1.69083,17114
2014.07.31,00:00,1.69083,1.69215,1.69082,1.69213,16427
2014.07.31,04:00,1.69214,1.69263,1.68941,1.6898,40403
2014.07.31,08:00,1.68978,1.68985,1.68699,1.68755,64838
2014.07.31,12:00,1.68755,1.68887,1.68569,1.6888,81462
2014.07.31,16:00,1.68876,1.68929,1.68797,1.68823,18679
2014.07.31,20:00,1.68823,1.68926,1.6881,1.68908,15063
2014.08.01,00:00,1.68908,1.68911,1.68727,1.68752,24172
2014.08.01,04:00,1.68752,1.68805,1.68671,1.68699,37780
2014.08.01,08:00,1.687,1.68877,1.6822,1.68259,78353
2014.08.01,12:00,1.68258,1.68618,1.6814,1.68304,104114
2014.08.01,16:00,1.68303,1.68386,1.68174,1.68174,22449
2014.08.01,20:00,1.68175,1.68321,1.68173,1.68225,6040
2014.08.03,20:00,1.68319,1.68337,1.68163,1.68248,12054
2014.08.04,00:00,1.68248,1.68325,1.68202,1.68259,15123
2014.08.04,04:00,1.68262,1.68348,1.68198,1.68264,29619
2014.08.04,08:00,1.68263,1.68343,1.68136,1.68321,51682
2014.08.04,12:00,1.68321,1.68435,1.68303,1.68401,42017
2014.08.04,16:00,1.684,1.68607,1.684,1.6858,13062
2014.08.04,20:00,1.68579,1.68665,1.68575,1.68658,12361
2014.08.05,00:00,1.68657,1.68699,1.68618,1.68632,15256
2014.08.05,04:00,1.68632,1.68727,1.68449,1.68494,38282
2014.08.05,08:00,1.68494,1.68882,1.68461,1.68612,54732
2014.08.05,12:00,1.68612,1.68755,1.68494,1.6872,50819
2014.08.05,16:00,1.6872,1.68819,1.68646,1.68773,15686
2014.08.05,20:00,1.68777,1.68871,1.68765,1.68766,8025
2014.08.06,00:00,1.68766,1.6883,1.68689,1.68727,15602
2014.08.06,04:00,1.68726,1.68737,1.68576,1.68625,26599
2014.08.06,08:00,1.68626,1.68649,1.68213,1.683,64607
2014.08.06,12:00,1.68302,1.68491,1.68238,1.68325,44101
2014.08.06,16:00,1.68324,1.68581,1.68324,1.68473,23520
2014.08.06,20:00,1.68473,1.68558,1.68467,1.6853,9218
2014.08.07,00:00,1.6853,1.68637,1.68504,1.68562,23350
2014.08.07,04:00,1.68562,1.68593,1.6834,1.68388,37631
2014.08.07,08:00,1.68385,1.68582,1.68334,1.68415,45020
2014.08.07,12:00,1.68414,1.68515,1.68231,1.68479,76534
2014.08.07,16:00,1.68478,1.68479,1.68274,1.68361,18542
2014.08.07,20:00,1.68361,1.68363,1.68263,1.68265,8891
2014.08.08,00:00,1.68269,1.68312,1.68016,1.68059,26409
2014.08.08,04:00,1.6806,1.68293,1.67959,1.67992,43256
2014.08.08,08:00,1.67992,1.68205,1.67972,1.68062,51503
2014.08.08,12:00,1.68064,1.68099,1.67712,1.67769,68803
2014.08.08,16:00,1.67769,1.67832,1.67664,1.6777,20402
2014.08.08,20:00,1.6777,1.67822,1.67715,1.6773,4252
2014.08.10,20:00,1.67774,1.67802,1.67702,1.6776,8600
2014.08.11,00:00,1.6776,1.67822,1.67702,1.67793,15780
2014.08.11,04:00,1.67793,1.67922,1.67734,1.67897,29905
2014.08.11,08:00,1.67897,1.67941,1.6774,1.67842,32984
2014.08.11,12:00,1.67841,1.67958,1.67796,1.67852,40354
2014.08.11,16:00,1.67852,1.67909,1.67819,1.67903,14803
2014.08.11,20:00,1.67903,1.67914,1.67808,1.67809,8963
2014.08.12,00:00,1.67809,1.67858,1.67663,1.67669,19244
2014.08.12,04:00,1.67669,1.67795,1.67569,1.67712,30778
2014.08.12,08:00,1.67712,1.67847,1.67663,1.67711,41656
2014.08.12,12:00,1.67711,1.68097,1.67708,1.6805,45264
2014.08.12,16:00,1.6805,1.68154,1.68019,1.68115,18685
2014.08.12,20:00,1.68114,1.68132,1.68032,1.68047,10111
2014.08.13,00:00,1.68046,1.68083,1.68006,1.68051,16048
2014.08.13,04:00,1.68051,1.68278,1.68008,1.6824,35814
2014.08.13,08:00,1.6824,1.68434,1.66992,1.67085,79166
2014.08.13,12:00,1.67084,1.67295,1.66851,1.66948,70554
2014.08.13,16:00,1.66948,1.66973,1.66867,1.66897,15066
2014.08.13,20:00,1.66897,1.66921,1.66857,1.66875,7401
2014.08.14,00:00,1.66875,1.66879,1.66697,1.66788,16926
2014.08.14,04:00,1.66789,1.66876,1.66572,1.6663,35503
2014.08.14,08:00,1.66631,1.66927,1.66599,1.66799,43133
2014.08.14,12:00,1.66798,1.66968,1.66786,1.66929,43108
2014.08.14,16:00,1.66929,1.66929,1.66785,1.66889,13686
2014.08.14,20:00,1.66889,1.66891,1.66815,1.66851,6984
2014.08.15,00:00,1.6685,1.66872,1.66816,1.66867,10391
2014.08.15,04:00,1.66867,1.66953,1.66764,1.66805,21357
2014.08.15,08:00,1.66806,1.67007,1.66799,1.66893,40631
2014.08.15,12:00,1.66893,1.67015,1.66801,1.6685,69534
2014.08.15,16:00,1.6685,1.66984,1.66808,1.66958,17847
2014.08.15,20:00,1.66958,1.66967,1.66887,1.66888,2378
2014.08.17,20:00,1.6732,1.6732,1.67131,1.67179,11341
2014.08.18,00:00,1.67178,1.67317,1.67156,1.67284,12897
2014.08.18,04:00,1.67283,1.67373,1.67232,1.67334,26738
2014.08.18,08:00,1.67334,1.67359,1.6722,1.67249,29134
2014.08.18,12:00,1.67249,1.67343,1.67122,1.67188,45527
2014.08.18,16:00,1.67188,1.67347,1.67174,1.6729,11948
2014.08.18,20:00,1.67291,1.673,1.67215,1.6722,5927
2014.08.19,00:00,1.67218,1.67231,1.67145,1.67217,12036
2014.08.19,04:00,1.67218,1.67255,1.66998,1.67005,21448
2014.08.19,08:00,1.67005,1.67005,1.66336,1.66379,60937
2014.08.19,12:00,1.66379,1.66441,1.66115,1.66192,58638
2014.08.19,16:00,1.66194,1.6622,1.66109,1.66184,13070
2014.08.19,20:00,1.66184,1.66235,1.66132,1.66196,10463
2014.08.20,00:00,1.66195,1.66237,1.66042,1.66043,12083
2014.08.20,04:00,1.66043,1.66241,1.66012,1.66227,25838
2014.08.20,08:00,1.66228,1.66786,1.66184,1.66489,65822
2014.08.20,12:00,1.66489,1.66524,1.66313,1.66317,38514
2014.08.20,16:00,1.66318,1.66343,1.65896,1.65923,25148
2014.08.20,20:00,1.65922,1.66001,1.6591,1.6599,8511
2014.08.21,00:00,1.6599,1.65997,1.65672,1.6568,12985
2014.08.21,04:00,1.6568,1.65935,1.65638,1.65899,24811
2014.08.21,08:00,1.65898,1.65975,1.65686,1.65931,34985
2014.08.21,12:00,1.65931,1.66011,1.6581,1.65881,49025
2014.08.21,16:00,1.65881,1.65914,1.65763,1.65763,10103
2014.08.21,20:00,1.65764,1.65831,1.65764,1.65782,5868
2014.08.22,00:00,1.65779,1.6581,1.65686,1.6581,11535
2014.08.22,04:00,1.65809,1.6593,1.65792,1.65911,18137
2014.08.22,08:00,1.65909,1.65943,1.65678,1.6577,30972
2014.08.22,12:00,1.65771,1.65972,1.65611,1.65728,75576
2014.08.22,16:00,1.65728,1.65863,1.65717,1.65728,14816
2014.08.22,20:00,1.65728,1.65778,1.65669,1.65669,2272
2014.08.24,20:00,1.65405,1.65543,1.65355,1.65481,15626
2014.08.25,00:00,1.6548,1.65651,1.6546,1.65611,22426
2014.08.25,04:00,1.65612,1.6575,1.65571,1.65669,27364
2014.08.25,08:00,1.65671,1.65981,1.65629,1.65874,30319
2014.08.25,12:00,1.65874,1.65932,1.65765,1.65835,40769
2014.08.25,16:00,1.65833,1.65858,1.65789,1.65809,9941
2014.08.25,20:00,1.65809,1.65818,1.65655,1.65686,10735
2014.08.26,00:00,1.65686,1.6595,1.65659,1.65912,16381
2014.08.26,04:00,1.65912,1.65939,1.65784,1.6579,26617
2014.08.26,08:00,1.65791,1.65841,1.65692,1.65711,36568
2014.08.26,12:00,1.65713,1.65931,1.65653,1.65687,46554
2014.08.26,16:00,1.65683,1.65715,1.6543,1.65451,20590
2014.08.26,20:00,1.65452,1.65476,1.65385,1.6546,11524
2014.08.27,00:00,1.6546,1.65591,1.65363,1.65537,20319
2014.08.27,04:00,1.65538,1.65747,1.65423,1.65717,38996
2014.08.27,08:00,1.65718,1.66052,1.6553,1.65919,45954
2014.08.27,12:00,1.6592,1.66049,1.657,1.6572,58537
2014.08.27,16:00,1.6572,1.65844,1.65715,1.65738,17571
2014.08.27,20:00,1.65738,1.6578,1.65711,1.65747,8769
2014.08.28,00:00,1.65747,1.66045,1.65747,1.65974,21500
2014.08.28,04:00,1.65974,1.66022,1.65819,1.65885,34124
2014.08.28,08:00,1.65883,1.66132,1.65669,1.65831,72930
2014.08.28,12:00,1.65831,1.65927,1.65701,1.65783,59146
2014.08.28,16:00,1.65781,1.65901,1.65682,1.65889,16984
2014.08.28,20:00,1.65887,1.65917,1.65833,1.65879,9013
2014.08.29,00:00,1.65878,1.65899,1.65805,1.65842,12703
2014.08.29,04:00,1.65842,1.66078,1.65801,1.65992,32524
2014.08.29,08:00,1.6599,1.66052,1.65762,1.65839,60460
2014.08.29,12:00,1.65841,1.66133,1.65771,1.65838,79835
2014.08.29,16:00,1.65836,1.66041,1.65626,1.66026,20494
2014.08.29,20:00,1.66025,1.66053,1.65926,1.65958,5704
2014.08.31,20:00,1.65916,1.65954,1.65855,1.65905,9460
2014.09.01,00:00,1.65905,1.6599,1.65893,1.65951,14201
2014.09.01,04:00,1.65951,1.6631,1.65919,1.663,35511
2014.09.01,08:00,1.663,1.66435,1.66119,1.66147,45806
2014.09.01,12:00,1.66147,1.66325,1.66105,1.66125,33986
2014.09.01,16:00,1.66124,1.66197,1.66049,1.66083,18481
2014.09.01,20:00,1.66083,1.66146,1.66052,1.66135,8299
2014.09.02,00:00,1.66135,1.66136,1.65779,1.65819,23908
2014.09.02,04:00,1.65814,1.65887,1.65542,1.65696,40288
2014.09.02,08:00,1.65697,1.65792,1.65174,1.65315,56282
2014.09.02,12:00,1.65315,1.65336,1.64903,1.65008,67617
2014.09.02,16:00,1.65009,1.6501,1.647,1.6471,19466
2014.09.02,20:00,1.6471,1.64734,1.64646,1.64673,10763
2014.09.03,00:00,1.64673,1.64731,1.64444,1.64528,17079
2014.09.03,04:00,1.64528,1.64837,1.64501,1.6463,42507
2014.09.03,08:00,1.64629,1.64972,1.64541,1.6462,76266
2014.09.03,12:00,1.64621,1.64765,1.64413,1.64498,51925
2014.09.03,16:00,1.64497,1.64608,1.64395,1.646,19221
2014.09.03,20:00,1.646,1.64625,1.64552,1.6459,8732
2014.09.04,00:00,1.64589,1.64647,1.64546,1.64606,16024
2014.09.04,04:00,1.64606,1.64615,1.6447,1.64563,26943
2014.09.04,08:00,1.64565,1.64652,1.64224,1.64281,61118
2014.09.04,12:00,1.64281,1.64407,1.63433,1.63476,116645
2014.09.04,16:00,1.63476,1.63587,1.63321,1.63443,25863
2014.09.04,20:00,1.63443,1.63443,1.62865,1.6292,16210
2014.09.05,00:00,1.6292,1.63184,1.62893,1.6309,20663
2014.09.05,04:00,1.6309,1.63316,1.63088,1.63215,37774
2014.09.05,08:00,1.63213,1.63249,1.6293,1.62931,50702
2014.09.05,12:00,1.62931,1.63401,1.62806,1.6311,98961
2014.09.05,16:00,1.63111,1.63332,1.62994,1.63284,20707
2014.09.05,20:00,1.63283,1.63328,1.63225,1.63241,3149
2014.09.07,20:00,1.61687,1.62231,1.61615,1.62131,18869
2014.09.08,00:00,1.62131,1.62323,1.6207,1.6207,23484
2014.09.08,04:00,1.62072,1.62122,1.61447,1.61697,78420
2014.09.08,08:00,1.61697,1.61802,1.61029,1.61409,105246
2014.09.08,12:00,1.61409,1.61865,1.61336,1.61393,82834
2014.09.08,16:00,1.61393,1.61497,1.60979,1.61075,36750
2014.09.08,20:00,1.61076,1.61092,1.60913,1.6092,17679
2014.09.09,00:00,1.6092,1.61071,1.60641,1.60758,28369
2014.09.09,04:00,1.60757,1.61011,1.60677,1.61008,60107
2014.09.09,08:00,1.61008,1.61565,1.609,1.61038,95523
2014.09.09,12:00,1.61038,1.61261,1.6083,1.6087,93424
2014.09.09,16:00,1.6087,1.61259,1.60591,1.6124,31861
2014.09.09,20:00,1.61239,1.61239,1.60995,1.6122,20663
2014.09.10,00:00,1.6122,1.61388,1.61155,1.61171,26351
2014.09.10,04:00,1.6117,1.6152,1.6108,1.6129,64700
2014.09.10,08:00,1.61289,1.61447,1.60518,1.61248,114657
2014.09.10,12:00,1.61248,1.61699,1.61197,1.61321,115390
2014.09.10,16:00,1.6132,1.623,1.61245,1.62117,43610
2014.09.10,20:00,1.62116,1.62161,1.61976,1.61976,19962
2014.09.11,00:00,1.61976,1.62176,1.61854,1.62034,24787
2014.09.11,04:00,1.62035,1.62428,1.6192,1.62423,70101
2014.09.11,08:00,1.62425,1.62643,1.62213,1.62514,86736
2014.09.11,12:00,1.62512,1.62704,1.62136,1.6223,109393
2014.09.11,16:00,1.62232,1.6247,1.62146,1.62187,29956
2014.09.11,20:00,1.62188,1.62765,1.62185,1.62478,24472
2014.09.12,00:00,1.62477,1.62501,1.62284,1.62355,24352
2014.09.12,04:00,1.62357,1.62639,1.62175,1.62555,59398
2014.09.12,08:00,1.62556,1.62641,1.62044,1.62236,100185
2014.09.12,12:00,1.62236,1.62572,1.62171,1.62411,120653
2014.09.12,16:00,1.62412,1.62714,1.62396,1.62569,26126
2014.09.12,20:00,1.6257,1.62676,1.62568,1.62627,3884
2014.09.14,20:00,1.62754,1.62783,1.6253,1.6258,12104
2014.09.15,00:00,1.6258,1.6258,1.62317,1.62381,24933
2014.09.15,04:00,1.62381,1.62519,1.62297,1.62518,64845
2014.09.15,08:00,1.62518,1.62678,1.62341,1.62401,82318
2014.09.15,12:00,1.62401,1.62493,1.6227,1.62412,86596
2014.09.15,16:00,1.62412,1.62418,1.62206,1.62323,21274
2014.09.15,20:00,1.62324,1.62349,1.62203,1.62247,16905
2014.09.16,00:00,1.62248,1.62496,1.62244,1.62297,24925
2014.09.16,04:00,1.62297,1.62298,1.61714,1.61835,65723
2014.09.16,08:00,1.61834,1.62008,1.61618,1.61957,96833
2014.09.16,12:00,1.61957,1.63049,1.61838,1.62702,83390
2014.09.16,16:00,1.62701,1.63111,1.62401,1.6277,42322
2014.09.16,20:00,1.62769,1.62778,1.62487,1.6264,13728
2014.09.17,00:00,1.62642,1.62756,1.62533,1.62753,17183
2014.09.17,04:00,1.62753,1.63225,1.6274,1.63086,51480
2014.09.17,08:00,1.63087,1.63344,1.62859,1.63201,88799
2014.09.17,12:00,1.63201,1.63578,1.63072,1.63284,94442
2014.09.17,16:00,1.63283,1.63343,1.62483,1.62781,71500
2014.09.17,20:00,1.62781,1.6282,1.62461,1.62658,21328
2014.09.18,00:00,1.62658,1.62757,1.62507,1.62657,26197
2014.09.18,04:00,1.62657,1.63223,1.62562,1.62964,78862
2014.09.18,08:00,1.62966,1.63454,1.62951,1.63365,100501
2014.09.18,12:00,1.63365,1.64087,1.63213,1.63701,123716
2014.09.18,16:00,1.63701,1.6404,1.63566,1.6373,25015
2014.09.18,20:00,1.63732,1.64591,1.63668,1.64246,35335
2014.09.19,00:00,1.64247,1.65239,1.64159,1.65171,70541
2014.09.19,04:00,1.65171,1.65173,1.64228,1.64678,101208
2014.09.19,08:00,1.64678,1.647,1.63401,1.63401,129521
2014.09.19,12:00,1.63404,1.63682,1.63026,1.63123,126363
2014.09.19,16:00,1.63123,1.63206,1.62957,1.62986,27336
2014.09.19,20:00,1.62984,1.63001,1.62829,1.62855,6454
2014.09.21,20:00,1.63057,1.63346,1.62876,1.63085,9885
2014.09.22,00:00,1.63085,1.63641,1.6308,1.63517,23491
2014.09.22,04:00,1.63519,1.63656,1.63333,1.6337,47194
2014.09.22,08:00,1.63372,1.63474,1.63226,1.63329,67729
2014.09.22,12:00,1.63333,1.63552,1.63258,1.6339,81822
2014.09.22,16:00,1.63388,1.63674,1.6335,1.63639,19899
2014.09.22,20:00,1.63638,1.63708,1.63565,1.63682,15545
2014.09.23,00:00,1.63682,1.63889,1.63613,1.6386,21527
2014.09.23,04:00,1.6386,1.63905,1.63224,1.63227,46754
2014.09.23,08:00,1.63229,1.64152,1.63025,1.6409,95767
2014.09.23,12:00,1.64088,1.64142,1.63519,1.63685,89809
2014.09.23,16:00,1.63684,1.64061,1.63539,1.6397,24492
2014.09.23,20:00,1.6397,1.63983,1.6384,1.63939,13976
2014.09.24,00:00,1.63935,1.64105,1.6385,1.64092,18424
2014.09.24,04:00,1.64092,1.64124,1.63778,1.63835,44385
2014.09.24,08:00,1.63838,1.64129,1.63725,1.64046,66621
2014.09.24,12:00,1.64045,1.6405,1.6327,1.63426,91968
2014.09.24,16:00,1.63428,1.63505,1.6332,1.63388,18576
2014.09.24,20:00,1.63387,1.6344,1.63148,1.6325,11511
2014.09.25,00:00,1.63248,1.6334,1.63152,1.63219,15681
2014.09.25,04:00,1.63219,1.63305,1.62758,1.63044,78559
2014.09.25,08:00,1.63044,1.63204,1.62821,1.62853,78348
2014.09.25,12:00,1.62856,1.63413,1.62767,1.63118,121393
2014.09.25,16:00,1.63117,1.63186,1.62953,1.63145,21258
2014.09.25,20:00,1.63144,1.63322,1.63091,1.633,13115
2014.09.26,00:00,1.633,1.63321,1.63029,1.63067,16279
2014.09.26,04:00,1.63067,1.63145,1.6286,1.63021,52239
2014.09.26,08:00,1.63022,1.63303,1.63,1.63048,46030
2014.09.26,12:00,1.6305,1.63105,1.62375,1.62527,57120
2014.09.26,16:00,1.62527,1.6255,1.62377,1.62434,18790
2014.09.26,20:00,1.62435,1.62529,1.62387,1.62387,2486
2014.09.28,20:00,1.62304,1.62495,1.62132,1.62386,11688
2014.09.29,00:00,1.62386,1.6251,1.6227,1.6228,20173
2014.09.29,04:00,1.6228,1.62614,1.62158,1.62352,59034
2014.09.29,08:00,1.62351,1.62456,1.62138,1.62361,95999
2014.09.29,12:00,1.62363,1.6274,1.62201,1.62664,105904
2014.09.29,16:00,1.62664,1.62704,1.62391,1.62424,19896
2014.09.29,20:00,1.62423,1.62443,1.62371,1.62406,9651
2014.09.30,00:00,1.62406,1.62672,1.62242,1.62588,20762
2014.09.30,04:00,1.62588,1.62866,1.62502,1.62656,52457
2014.09.30,08:00,1.62656,1.62756,1.61664,1.61839,114551
2014.09.30,12:00,1.61838,1.62293,1.61706,1.62189,101936
2014.09.30,16:00,1.62189,1.6225,1.61996,1.62115,22922
2014.09.30,20:00,1.62115,1.6217,1.62087,1.62138,9524
2014.10.01,00:00,1.62139,1.62186,1.61785,1.61906,25470
2014.10.01,04:00,1.61907,1.62136,1.61813,1.62017,48879
2014.10.01,08:00,1.62017,1.62088,1.61613,1.61881,88358
2014.10.01,12:00,1.61881,1.62514,1.61794,1.62139,114227
2014.10.01,16:00,1.62138,1.62198,1.61832,1.61839,10788
